label,Message
1,congratulations youve gift card click to claim
0,dont forget meet tomorrow
1,select limit time offer act
0,project deadline next friday please submit work
1,urgent account compromis reset password immediately
0,notes last class
1,earn money home experience need
0,please review attach document provide feedback
1,preapprov lowinterest loan apply today
0,lets catch over coffee sometime this week
1,final warn subscription expir renew to avoid los access
0,server maintenance schedul tonight
1,get free trial premium service
0,team meet reschedul to pm
1,exclusive deal buy one get one free limit time
0,package delivery today
1,youve chosen to receive complimentary vacation package
0,please update availability next weeks meet
1,win big enter sweepstakes chance to win car
0,send updat report
1,dont miss get off next purchase
0,flight confirm next thursday
1,claim free iphone
0,budget meet set next monday
1,youve select free gift card claim yours
0,please find attach minutes last meet
1,urgent paypal account limit click to resolve
0,look forward to lunch meet tomorrow
1,get rich quick this amaz opportunity
0,client meet schedul pm tomorrow
1,earn day this simple trick
0,subscription to newsletter confirm
1,warn account suspend unless verify
0,please let know youre available call
1,wont believe these discounts shop
0,new product launch next week
1,congratulations youve select special offer
0,dont forget to send invoice friday
1,get free sample today strings attach
0,quarterly report due next monday
1,unclaim reward wait redeem
0,webinar schedul pm tomorrow
1,important confirm account information immediately
0,review attach file provide feedback
1,this investment opportunity wont last long act
0,train session start
1,loan application preapprov apply
0,please send availability next weeks meet
1,eligible limitedtime discount shop today
0,conference call schedul tomorrow
1,dont miss these exclusive offers
0,please review attach contract before sign
1,youve preselect special discount
0,team out plann this friday
1,act to claim free gift
0,client confirm meet next tuesday
1,urgent verify account to avoid suspension
0,please find attach agenda tomorrows meet
1,youre winner claim prize
0,monthly report due end week
1,exclusive get free gift purchase
0,please provide feedback draft document
1,youve select free cruise click to claim
0,market team meet tomorrow
1,dont miss this amaz offer
0,participation survey appreciat
1,act fast to secure limitedtime offer
0,please update project status end day
1,congratulations youre eligible free gift
0,department conduct maintenance tonight
1,youve free vacation claim
0,please review attach spreadsheet accuracy
1,limitedtime offer get off
0,next team meet schedul wednesday
1,youve preapprov credit card apply
0,send latest version document
1,get free trial service today
0,client request update project
1,exclusive deal buy one get one free
0,please confirm attendance workshop
1,youve select to win brand new car
0,sales report due end day
1,act to get free gift purchase
0,market strategy meet tomorrow pm
1,youre eligible free iphone claim
0,please review attach file provide input
1,hurry this offer wont last long
0,finance team needs report thursday
1,youve preselect special offer
0,join conference call pm
1,get free sample today purchase necessary
0,client presentation schedul next week
1,youre winner redeem prize
0,team complet project time
1,limitedtime offer act
0,deadline project extend to next monday
1,earn rewards fast this amaz program
0,review attach proposal before meet
1,claim exclusive offer today limit time
0,next teambuild event schedul friday
1,congratulations youve free gift card
0,please see attach agenda tomorrows meet
1,get off items shop
0,sales figures last quarter finaliz
1,act to receive exclusive discount
0,office clos next monday holiday
1,youre eligible cash bonus claim yours
0,please provide availability next meet
1,get paid to work home experience requir
0,client approv design proposal
1,final notice account suspend unless verify
0,please update status tasks end day
1,youve select to win luxury vacation
0,send final version report
1,urgent verify bill information to avoid service disruption
0,budget review meet schedul tomorrow
1,claim free trial premium service today
0,please review attach document accuracy
1,get rich quick this simple online business
0,market campaign launch successfully
1,congratulations youve select special promotion
0,please confirm attendance client meet
1,youve new smartphone click to claim
0,department perform maintenance tonight
1,final warn subscription expir soon
0,provide feedback draft presentation
1,youve preapprov personal loan
0,team work final touches project
1,dont miss this exclusive offer
0,please join conference call tomorrow
1,youre winner redeem prize today
0,project timeline updat please review
1,get off next purchase act
0,monthly performance review schedul next week
1,youve chosen to receive complimentary gift
0,please review attach spreadsheet errors
1,important update account information to avoid suspension
0,sales report due end week
1,youve free vacation claim
0,client request meet next tuesday
1,get free gift purchase today
0,team meet mov to pm
1,youve preselect credit card apply
0,please find attach minutes yesterdays meet
1,exclusive deal buy one get one free
0,team updat server tonight
1,final notice account risk be suspend
0,confirm availability workshop
1,act to claim free iphone
0,market strategy session tomorrow
1,youre eligible special discount shop
0,please update project plan new timeline
1,urgent account compromis reset password immediately
0,quarterly financial review schedul next friday
1,congratulations youve free laptop
0,send latest draft proposal
1,dont miss these amaz discounts
0,client meet confirm next wednesday
1,get paid to take surveys online experience requir
0,please review attach file before meet
1,youve preapprov car loan apply
0,project kickoff meet tomorrow
1,youre eligible free gift claim today
0,department upgrad system tonight
1,final warn update account to avoid suspension
0,please find attach report review
1,earn money online this simple trick
0,team prepar client presentation
1,get free trial service today
0,budget meet schedul next monday
1,youve select exclusive offer claim
0,please confirm attendance team meet
1,youre winner claim prize today
0,market team complet campaign
1,important update bill information to avoid service disruption
0,department conduct maintenance tonight
1,youve free tablet claim
0,please review attach document provide feedback
1,get off next purchase act fast
0,project deadline extend to next friday
1,youve preselect special promotion
0,client confirm meet next thursday
1,act to receive exclusive discount
0,please find attach file review
1,youve chosen to receive complimentary gift
0,sales report due end day
1,get free gift purchase today
0,please update status tasks tomorrow
1,congratulations youve new laptop
0,team meet tomorrow
1,final notice update account to avoid suspension
0,please submit timesheet end day
1,wont believe these exclusive deals shop
0,client presentation schedul next tuesday
1,win free vacation to tropical destination
0,weekly status report due pm
1,earn money fast this simple method
0,meet agenda sent to email
1,account select special promotion
0,please find attach project plan review
1,act to claim free gift card
0,department updat software tonight
1,final notice account suspend unless verifi
0,client request changes to proposal
1,get off items limit time offer
0,please confirm attendance train session
1,congratulations youve free gift card
0,sales team meet tomorrow pm
1,exclusive offer buy one get one free today
0,project launch set next wednesday
1,eligible special discount claim
0,please update project status end day
1,win new car enter contest today
0,team work final touches report
1,youve select to receive free gift
0,please join conference call tomorrow
1,get rich quick this amaz opportunity
0,budget review meet schedul next friday
1,claim free trial service
0,send final version presentation
1,youve new smartphone click to claim
0,client approv design mockup
1,dont miss this limitedtime offer
0,please review attach document provide feedback
1,youve preapprov credit card
0,team perform system maintenance tonight
1,act to claim free iphone
0,market strategy meet schedul tomorrow
1,youre eligible special promotion claim
0,please update availability next weeks meet
1,urgent verify account to avoid suspension
0,quarterly financial review next monday
1,congratulations youve free laptop
0,confirm attendance workshop
1,get paid to work home experience need
0,project deadline extend to next week
1,final warn subscription expir soon
0,please find attach file review
1,youve select exclusive offer
0,client confirm meet next wednesday
1,get free gift purchase today
0,sales report due end week
1,act to receive exclusive discount
0,please update project timeline new dates
1,youve preapprov personal loan
0,team meet mov to pm
1,win free vacation enter
0,client presentation thursday
1,exclusive offer buy one get one free
0,please review attach proposal provide feedback
1,act to claim free gift card
0,department upgrad network tonight
1,final notice account risk suspension
0,send latest draft report
1,youve new tablet claim
0,market team complet campaign
1,dont miss these amaz discounts shop
0,please join conference call tomorrow
1,congratulations youve select special promotion
0,project kickoff meet next tuesday
1,urgent verify bill information
0,client request update project
1,youve preselect credit card
0,please review attach document errors
1,act to claim free trial
0,team prepar client meet
1,get off next purchase shop today
0,please confirm availability meet
1,congratulations youve free gift
0,department conduct maintenance tonight
1,final warn account suspend
0,sales report due end day
1,youve select free cruise
0,client request changes to project plan
1,act to receive exclusive discount
0,please update project status end day
1,win big enter sweepstakes
0,project deadline mov to next week
1,get free gift purchase today
0,provide feedback draft proposal
1,congratulations youve free iphone
0,team meet tomorrow
1,final notice account risk be suspend
0,appointment dr smith schedul pm tomorrow
1,congratulations youve select cash prize
0,confirm attendance annual conference
1,youve preapprov home loan apply
0,market report due end week
1,earn to day work home
0,please find attach invoice review
1,dont miss this chance to double money fast
0,client meet schedul next monday
1,act to claim free luxury watch
0,department conduct system maintenance tonight
1,subscription expir soon renew today
0,please submit updat project plan tomorrow
1,youve free gift card claim
0,send final version contract
1,limitedtime offer get off items
0,team prepar product launch
1,youve select free online course enroll
0,please review attach budget proposal
1,urgent bank account compromis act
0,quarterly meet reschedul to next friday
1,youve preapprov loan
0,sales report due end day
1,get free trial premium membership
0,please find attach agenda meet
1,account select special offer
0,project status meet tomorrow
1,win big enter contest chance to win
0,provide feedback attach document
1,youve free vacation to caribbean
0,team perform updates tonight
1,final notice update account to avoid suspension
0,please confirm participation webinar
1,get rich quick this amaz opportunity
0,client request changes to proposal
1,claim free gift card today limit offer
0,finance team needs report thursday
1,exclusive deal buy one get one free
0,please review attach file respond tomorrow
1,youve select special promotion act
0,weekly team meet schedul pm
1,urgent confirm account information to avoid penalties
0,send final draft presentation
1,youve new laptop click to claim
0,project deadline extend to next monday
1,dont miss these limitedtime discounts
0,department upgrad network tonight
1,youve preapprov credit card apply
0,please confirm attendance workshop
1,act fast to claim free smartwatch
0,client presentation next wednesday
1,account risk verify to avoid suspension
0,sales report due end week
1,win free ipad enter contest today
0,please review attach contract before sign
1,final warn account suspend unless act
0,market team meet pm tomorrow
1,exclusive offer get off next purchase
0,send updat project timeline
1,claim free trial service
0,client confirm meet next tuesday
1,youve select special discount shop
0,team perform maintenance tonight midnight
1,urgent account lock reset password immediately
0,please find attach minutes yesterdays meet
1,win new smartphone enter today
0,project kickoff meet schedul tomorrow
1,youve preselect loan apply today
0,quarterly performance review next monday
1,get free gift every purchase
0,please confirm participation upcom train
1,youve chosen to receive complimentary gift
0,team finaliz project plan
1,final notice account deactivat unless verifi
0,review attach file before meet
1,earn money online this easy method
0,client meet mov to pm
1,act to claim free vacation
0,please find attach file review
1,win big enter sweepstakes today
0,department updat servers tonight
1,youve preapprov new credit card
0,market strategy meet tomorrow
1,exclusive offer get free gift purchase
0,confirm attendance client meet
1,urgent verify account information to avoid suspension
0,please review attach presentation provide feedback
1,congratulations youve free vacation
0,sales report due end day
1,act to receive exclusive discount
0,project deadline mov to next friday
1,youve select free cruise claim
0,team conduct system maintenance tonight
1,final warn update account to avoid suspension
0,please join conference call pm tomorrow
1,win free laptop enter
0,client request changes to project plan
1,get free sample new product today
0,send updat report tomorrow
1,earn rewards quickly loyalty program
0,team meet reschedul
1,youve new tablet click to claim
0,please find attach document review
1,dont miss these amaz deals
0,project timeline updat please review
1,get free trial premium service
0,client presentation schedul next thursday
1,youve preapprov personal loan
0,provide feedback attach proposal
1,act to claim free gift card
0,flight to chicago confirm departure
1,win cash click to enter contest
0,please submit travel expenses friday
1,amazon order delay claim compensation
0,quarterly teambuild event next tuesday
1,get off electronic items limit offer
0,new software update available download
1,final notice pay outstand balance to avoid penalties
0,hr department needs updat contact information
1,earn cash instantly complet this survey
0,please attend client onboard session tomorrow
1,youve select to receive free iphone
0,financial audit start monday
1,congratulations youve gift card
0,review attach code before deployment
1,get loan approval minutes
0,new employee orientation schedul next wednesday
1,act to claim free home security system
0,team needs to perform security audit
1,win big play online casino games
0,market campaign starts next week
1,car warranty about to expire renew
0,please provide availability next weeks meet
1,limitedtime offer buy one get one free
0,annual budget review next thursday
1,claim free shopp voucher today
0,send final report eod
1,youve preapprov mortgage apply today
0,client request updat project timeline
1,earn daily work home
0,office clos monday holiday
1,account select special promotion
0,please join project kickoff meet
1,get rich quick this new investment scheme
0,train session mov to pm
1,act to secure spot vip program
0,department upgrad systems this weekend
1,youve free cruise to bahamas
0,please review attach document before meet
1,credit score updat check
0,client approv new project scope
1,get off next purchase
0,team meet schedul friday
1,youve select special offer click
0,send updat presentation tomorrow
1,win brand new car enter today
0,project deadline next monday
1,final notice claim unclaim funds
0,please review attach sales report
1,account compromis reset password
0,department perform backup tonight
1,congratulations youre winner claim prize
0,quarterly financial meet tuesday
1,exclusive deal get off items
0,please confirm attendance client meet
1,account deactivat unless verify
0,sales team conference call pm
1,act to claim free trial
0,budget approval meet next thursday
1,win big lottery buy tickets
0,hr department needs performance review
1,get free samples new product
0,please review attach invoice accuracy
1,final warn account suspend unless act
0,project team meet tomorrow pm
1,earn rewards join loyalty program
0,department roll new security protocols
1,get free ebook today
0,please submit weekly status report pm
1,limitedtime offer buy two get one free
0,client presentation mov to friday
1,account needs verification act to avoid penalties
0,review attach market plan
1,youve preapprov personal loan
0,new employee handbook available download
1,act fast to claim free tablet
0,project meet reschedul pm
1,win cash instantly complet this survey
0,please join conference call tomorrow
1,credit card balance overdue pay
0,client request change project scope
1,get exclusive discounts next purchase
0,hr team needs input new policy
1,final notice account clos unless verifi
0,please review attach contract discrepancies
1,congratulations youve gift card
0,team conduct system tests tonight
1,payment due pay to avoid late fees
0,monthly report due end day
1,get off next online order
0,please update contact information hr
1,win free vacation enter contest
0,project plan updat please review
1,limitedtime offer get off orders
0,subscription renewal due next week
1,congratulations youve shopp spree
0,team meet schedul thursday pm
1,get free trial premium software
0,please confirm participation upcom seminar
1,win new car enter sweepstakes today
0,client request status update project
1,exclusive offer get off products
0,quarterly financial report due friday
1,youve preapprov personal loan apply
0,please review attach project proposal
1,urgent account compromis act immediately
0,next team meet schedul tomorrow
1,get rich quick this investment opportunity
0,client meet mov to next monday
1,claim free gift card before expires
0,please submit expense report end day
1,win free vacation to europe enter
0,market department needs feedback new campaign
1,congratulations youve free ipad
0,team perform maintenance saturday
1,act to claim exclusive discount
0,please review attach sales report provide comments
1,subscription about to expire renew
0,project deadline extend to next wednesday
1,get free consultation experts
0,team work new product launch
1,youve select special prize claim
0,please confirm attendance workshop friday
1,win gift card enter contest
0,client approv revis proposal
1,exclusive offer get off next order
0,hr department needs updat resume
1,account risk verify to avoid issues
0,please review attach budget provide feedback
1,claim free trial premium service today
0,department updat software monday
1,congratulations youve chosen special offer
0,market strategy meet schedul tomorrow pm
1,win big enter sweepstakes chance to win
0,please find attach document review
1,account suspend unless verify
0,sales team meet next tuesday pm
1,get free sample new product request yours today
0,project review meet set next thursday
1,youve free cruise enter to claim
0,please send final version presentation eod
1,act to get free trial premium membership
0,client request additional information proposal
1,congratulations youve free gift card
0,team needs to perform upgrade this weekend
1,get exclusive discounts products shop
0,please confirm availability team meet
1,youve preapprov credit card apply today
0,project deadline approach please review timeline
1,final notice update account details to avoid suspension
0,market team needs feedback new ad campaign
1,win new smartphone enter contest
0,please review attach sales strategy errors
1,get free gift card next purchase limit time
0,client presentation confirm friday
1,account needs verification to avoid suspension
0,hr team needs performance review submitt monday
1,congratulations youve free tablet claim
0,please provide feedback attach financial report
1,act to claim free trial new software
0,team meet schedul next wednesday
1,exclusive offer get off next order
0,department upgrad systems friday night
1,youve select special promotion click
0,please review attach document before meet
1,win cash instantly new online game
0,project kickoff next tuesday please prepar
1,claim free vacation package
0,client request urgent update project
1,get free consultation special discount today
0,please join conference call pm tomorrow
1,youve preapprov loan
0,quarterly review schedul next monday
1,congratulations youve free gift card worth
0,please confirm attendance upcom seminar
1,get free trial premium product today
0,team needs feedback new security features
1,win new car enter giveaway
0,market report due end week
1,account risk act to avoid suspension
0,please review attach proposal provide comments
1,congratulations youve select special prize
0,client meet schedul next wednesday pm
1,act fast to get free trial exclusive service
0,upcom staff train schedul next monday
1,congratulations youve gift card click to claim
0,please submit quarterly performance review friday
1,get free consultation experts book
0,client request meet to discuss contract
1,win luxury car enter sweepstakes
0,department perform system updates tonight
1,youve preapprov loan apply today
0,please review attach market materials before presentation
1,claim free trial premium service today
0,team meet reschedul thursday pm
1,get rich quick this investment opportunity act
0,annual report due end month
1,youve free trip to hawaii enter to claim prize
0,please confirm attendance upcom project review
1,get off products store limit time offer
0,client request detail project update
1,act fast to claim free smartwatch
0,department needs feedback new system upgrade
1,congratulations youve select special promotion
0,please review attach financial statement before meet
1,win big enter contest chance to win
0,quarterly budget review schedul next tuesday
1,get free sample latest product request yours
0,please join conference call tomorrow
1,account select special reward click
0,project timeline updat please review
1,get free gift card every purchase limit offer
0,client presentation schedul next wednesday pm
1,youve preapprov credit card limit
0,please provide feedback attach project proposal
1,act to claim free trial exclusive service
0,team meet take place friday
1,win new tablet enter giveaway today
0,department conduct security audit next week
1,congratulations youve shopp voucher
0,please review attach sales report provide comments
1,get exclusive discounts products shop
0,client request change project scope
1,claim free vacation package before its late
0,market campaign review schedul thursday
1,youve select special offer click to claim
0,please confirm availability upcom team meet
1,win cash prizes instantly participat survey
0,project kickoff meet schedul next monday
1,act fast to get free consultation experts
0,please review attach document upcom audit
1,account suspend unless verify
0,team perform maintenance friday night
1,congratulations youve free luxury watch
0,please provide updat report end day
1,get off items store limit time
0,client presentation confirm friday pm
1,youve preapprov home loan apply
0,please review attach proposal before client meet
1,win free iphone enter sweepstakes today
0,team meet set pm tomorrow
1,claim free gift card worth every purchase
0,project deadline extend to next tuesday
1,get free trial premium software sign
0,please confirm participation upcom workshop
1,youve free vacation to caribbean click to claim
0,department needs feedback new update
1,win new laptop enter contest today
0,please review attach budget proposal before meet
1,get off next order special discount code
0,client request urgent update project
1,congratulations youve gift card claim
0,team prepar upcom product launch
1,act fast to secure spot exclusive offer
0,please review attach sales strategy document
1,account risk verify to avoid suspension
0,project review meet schedul next wednesday
1,win new smartphone enter giveaway today
0,please submit final version presentation eod
1,get free trial new service sign today
0,client meet reschedul thursday
1,claim free consultation experts
0,hr department needs updat contact details
1,youve select special prize click to claim
0,please review attach market plan before meet
1,congratulations youve free tablet claim today
0,department conduct system maintenance saturday
1,get rich quick this new investment opportunity
0,please confirm attendance upcom train session
1,win gift card enter sweepstakes
0,client request revis project timeline
1,act to claim free vacation package
0,quarterly budget review next friday
1,youve preapprov credit card limit
0,please review attach financial report before meet
1,win big enter lottery chance to win
0,project kickoff meet schedul next tuesday
1,get free trial premium membership sign
0,please provide feedback attach proposal friday
1,congratulations youve select special reward
0,team updat servers wednesday night
1,claim free gift card next purchase
0,client presentation set monday
1,youve free cruise to bahamas enter
0,please review attach document provide comments
1,get exclusive discounts products shop
0,team meet schedul friday pm
1,win new smartphone enter contest today
0,project deadline approach review timeline
1,act fast to get free trial exclusive software
0,please confirm availability client meet
1,congratulations youve shopp spree click
0,hr team needs performance review submitt monday
1,get free gift card every purchase limit time
0,client request urgent project update
1,win new car participat sweepstakes
0,please review attach market strategy upcom campaign
1,youve preapprov home loan apply
0,project review meet schedul next tuesday
1,get free consultation special discount today
0,please review attach customer feedback report
1,congratulations youve gift card click to claim
0,upcom project deadline approach please review timeline
1,get free trial premium product sign today
0,client request meet to discuss new requirements
1,win luxury vacation enter sweepstakes
0,please submit travel itinerary upcom business trip
1,get gift card every purchase over
0,department perform system updates this weekend
1,youve select special offer click to claim
0,team meet schedul next tuesday
1,win cash prizes instantly participat online game
0,please provide feedback new project proposal
1,act fast to get free trial exclusive software
0,client presentation confirm friday pm
1,youve preapprov loan apply
0,please confirm attendance upcom workshop
1,claim free vacation package before its late
0,market team needs input new campaign strategy
1,congratulations youve free tablet claim
0,project review meet schedul next thursday
1,get off products store limit time offer
0,please review attach financial documents before meet
1,win new car enter sweepstakes today
0,client request update project status
1,get free consultation experts book
0,please provide updat report end day
1,congratulations youve gift card click to claim
0,department upgrad systems next monday
1,win big enter contest chance to win
0,please review attach budget proposal before meet
1,claim free trial new premium service today
0,team meet set friday pm
1,get free gift card next purchase limit time
0,client presentation schedul next wednesday
1,youve preapprov personal loan apply
0,please review attach project plan provide feedback
1,get free sample latest product request yours today
0,hr department needs updat performance review
1,congratulations youve free iphone click to claim
0,department conduct system audit next friday
1,act to get free trial exclusive membership
0,please confirm attendance upcom client meet
1,win free vacation to caribbean enter sweepstakes
0,project timeline updat please review
1,youve select special prize click to claim
0,team meet schedul monday pm
1,get rich quick this investment opportunity act
0,please review attach sales strategy document
1,congratulations youve chosen special offer
0,client request revis project timeline
1,win cash prizes instantly participat online survey
0,please provide feedback attach proposal friday
1,claim free gift card next purchase
0,department perform maintenance saturday
1,get free trial premium product sign
0,client presentation set next thursday
1,youve preapprov credit card limit
0,please review attach financial report before meet
1,win new tablet enter giveaway today
0,team meet held tomorrow
1,act fast to secure spot exclusive offer
0,please confirm participation upcom train session
1,congratulations youve free cruise to bahamas
0,hr team needs updat contact information friday
1,get free sample new product every order
0,project review meet schedul next tuesday
1,youve select special promotion click
0,please provide feedback attach market plan
1,win new smartphone enter sweepstakes
0,department updat servers this weekend
1,get exclusive discounts products shop
0,client meet set wednesday pm
1,congratulations youve gift card claim
0,please review attach proposal provide comments
1,claim free trial premium service before its late
0,team meet schedul friday pm
1,win cash instantly new online game
0,project deadline extend to next monday
1,get free consultation experts today
0,please confirm availability client meet next tuesday
1,youve preapprov personal loan apply
0,hr department needs performance review submitt monday
1,claim free gift card next purchase
0,team conduct system maintenance wednesday night
1,win luxury vacation package enter contest
0,please review attach financial documents provide feedback
1,congratulations youve select special reward
0,client presentation schedul monday pm
1,get off products store limit time
0,please review attach budget proposal before meet
1,claim free trial premium membership today
0,team meet set next friday pm
1,win new car enter sweepstakes chance to win
0,department perform security audit next week
1,get free gift card every purchase over
0,please provide feedback new project plan eod
1,youve preapprov credit card limit
0,project review meet schedul next tuesday
1,win new tablet enter giveaway chance to win
0,please review attach sales report provide comments
1,congratulations youve free vacation to caribbean
0,client request change project scope
1,get exclusive discounts products shop
0,department perform maintenance saturday night
1,claim free trial new software
0,team meet schedul next wednesday
1,youve select special promotion click
0,please confirm attendance upcom seminar
1,win new smartphone enter contest today
0,client meet set thursday pm
1,congratulations youve gift card click to claim
0,please review attach financial statement before meet
1,get free gift card next order over
0,project deadline extend please review new timeline
1,win cash instantly participat online survey
0,hr department needs updat contact details friday
1,youve preapprov home loan limit
0,please provide feedback attach market strategy
1,claim free vacation package before its late
0,department updat servers next monday
1,congratulations youve select special reward
0,team meet schedul friday pm
1,get off items store limit time
0,please review attach project proposal provide comments
1,win new car participat sweepstakes
0,package delivery arrive today
1,claim free vacation limit time offer
0,reminder team meet pm conference room
1,youve brand new car click to claim prize
0,report due end day please submit time
1,exclusive offer get off next purchase act
0,minutes last board meet
1,account suspend click to reactivate
0,please confirm attendance upcom workshop
1,win free iphone enter to win
0,project timeline updat please review
1,select special discount claim
0,dont forget to submit timesheet friday
1,urgent credit card block call to unblock
0,details upcom conference
1,earn week work home experience requir
0,please review attach proposal provide feedback
1,preapprov credit card apply
0,lets schedule followup meet next week
1,final notice subscription about to expire renew
0,server maintenance to
1,claim free gift card limit time offer
0,order process shipp soon
1,youve free cruise click to claim prize
0,reminder deadline report tomorrow pm
1,exclusive deal get off next purchase act
0,notes last team meet
1,account lock click to unlock
0,please confirm availability upcom event
1,win free laptop enter to win
0,project scope updat please review
1,select special offer claim
0,dont forget to submit expense report monday
1,urgent bank account frozen call to resolve
0,details upcom train session
1,earn month work home experience need
0,please review attach document provide feedback
1,preapprov loan apply
0,lets catch over lunch sometime this week
1,final warn membership expir renew to avoid los access
0,system updates to
1,claim free voucher limit time offer
0,order confirm shipp tomorrow
1,youve free vacation package click to claim prize
0,reminder submission deadline next friday noon
1,exclusive offer get off next purchase act
0,notes last project meet
1,account suspend click to reactivate
0,please confirm participation upcom workshop
1,win free tablet enter to win
0,project timeline updat please review
1,select special discount claim
0,dont forget to submit weekly report friday
1,urgent credit card block call to unblock
0,details upcom seminar
1,earn year work home experience requir
0,please review attach proposal provide feedback
1,preapprov credit card apply
0,lets schedule followup meet next week
1,final notice subscription about to expire renew
0,server maintenance to
1,claim free gift card limit time offer
0,order process shipp soon
1,youve free cruise click to claim prize
0,reminder deadline report tomorrow pm
1,exclusive deal get off next purchase act
0,notes last team meet
1,account lock click to unlock
0,please confirm availability upcom event
1,win free laptop enter to win
0,project scope updat please review
1,select special offer claim
0,dont forget to submit expense report monday
1,urgent bank account frozen call to resolve
0,details upcom train session
1,earn month work home experience need
0,please review attach document provide feedback
1,preapprov loan apply
0,lets catch over lunch sometime this week
1,final warn membership expir renew to avoid los access
0,system updates to
1,claim free voucher limit time offer
0,order confirm shipp tomorrow
1,youve free vacation package click to claim prize
0,reminder submission deadline next friday noon
1,exclusive offer get off next purchase act
0,notes last project meet
1,account suspend click to reactivate
0,please confirm participation upcom workshop
1,win free tablet enter to win
0,project timeline updat please review
1,select special discount claim
0,dont forget to submit weekly report friday
1,urgent credit card block call to unblock
0,details upcom seminar
1,earn year work home experience requir
0,please review attach proposal provide feedback
1,preapprov credit card apply
0,lets schedule followup meet next week
1,final notice subscription about to expire renew
0,server maintenance to
1,claim free gift card limit time offer
0,order process shipp soon
1,youve free cruise click to claim prize
0,reminder deadline report tomorrow pm
1,exclusive deal get off next purchase act
0,notes last team meet
1,account lock click to unlock
0,please confirm availability upcom event
1,win free laptop enter to win
0,project scope updat please review
1,select special offer claim
0,dont forget to submit expense report monday
1,urgent bank account frozen call to resolve
0,details upcom train session
1,earn month work home experience need
0,please review attach document provide feedback
1,preapprov loan apply
0,lets catch over lunch sometime this week
1,final warn membership expir renew to avoid los access
0,system updates to
1,claim free voucher limit time offer
0,order confirm shipp tomorrow
1,youve free vacation package click to claim prize
0,reminder submission deadline next friday noon
1,exclusive offer get off next purchase act
0,notes last project meet
1,account suspend click to reactivate
0,please confirm participation upcom workshop
1,win free tablet enter to win
0,project timeline updat please review
1,select special discount claim
0,dont forget to submit weekly report friday
1,urgent credit card block call to unblock
0,details upcom seminar
1,earn year work home experience requir
0,please review attach proposal provide feedback
1,preapprov credit card apply
0,lets schedule followup meet next week
1,final notice subscription about to expire renew
0,server maintenance to
1,claim free gift card limit time offer
0,order process shipp soon
1,youve free cruise click to claim prize
0,reminder deadline report tomorrow pm
1,exclusive deal get off next purchase act
0,notes last team meet
1,account lock click to unlock
0,please confirm availability upcom event
1,win free laptop enter to win
0,project scope updat please review
1,select special offer claim
0,dont forget to submit expense report monday
1,urgent bank account frozen call to resolve
0,details upcom train session
1,earn month work home experience need
0,please review attach document provide feedback
1,preapprov loan apply
0,lets catch over lunch sometime this week
1,final warn membership expir renew to avoid los access
0,system updates to
1,claim free voucher limit time offer
0,order confirm shipp tomorrow
1,youve free vacation package click to claim prize
0,reminder submission deadline next friday noon
1,exclusive offer get off next purchase act
0,notes last project meet
1,account suspend click to reactivate
0,please confirm participation upcom workshop
1,win free tablet enter to win
0,project timeline updat please review
1,select special discount claim
0,dont forget to submit weekly report friday
1,urgent credit card block call to unblock
0,details upcom seminar
1,earn year work home experience requir
0,please review attach proposal provide feedback
1,preapprov credit card apply
0,lets schedule followup meet next week
1,final notice subscription about to expire renew
0,server maintenance to
1,claim free gift card limit time offer
0,order process shipp soon
1,youve free cruise click to claim prize
0,reminder deadline report tomorrow pm
1,exclusive deal get off next purchase act
0,notes last team meet
1,account lock click to unlock
0,please confirm availability upcom event
1,win free laptop enter to win
0,project scope updat please review
1,select special offer claim
0,dont forget to submit expense report monday
1,urgent bank account frozen call to resolve
0,details upcom train session
1,earn month work home experience need
0,please review attach document provide feedback
1,preapprov loan apply
0,lets catch over lunch sometime this week
1,final warn membership expir renew to avoid los access
0,system updates to
1,claim free voucher limit time offer
0,order confirm shipp tomorrow
1,youve free vacation package click to claim prize
0,reminder submission deadline next friday noon
1,exclusive offer get off next purchase act
0,notes last project meet
1,account suspend click to reactivate
0,please confirm participation upcom workshop
1,win free tablet enter to win
0,project timeline updat please review
1,select special discount claim
0,dont forget to submit weekly report friday
1,urgent credit card block call to unblock
0,details upcom seminar
1,earn year work home experience requir
0,please review attach proposal provide feedback
1,preapprov credit card apply
0,lets schedule followup meet next week
1,final notice subscription about to expire renew
0,server maintenance to
1,claim free gift card limit time offer
0,order process shipp soon
1,youve free cruise click to claim prize
0,reminder deadline report tomorrow pm
1,exclusive deal get off next purchase act
0,notes last team meet
1,account lock click to unlock
0,please confirm availability upcom event
1,win free laptop enter to win
0,project scope updat please review
1,select special offer claim
0,dont forget to submit expense report monday
1,urgent bank account frozen call to resolve
0,details upcom train session
1,earn month work home experience need
0,please review attach document provide feedback
1,preapprov loan apply
0,lets catch over lunch sometime this week
1,final warn membership expir renew to avoid los access
0,system updates to
1,claim free voucher limit time offer
0,order confirm shipp tomorrow
1,youve free vacation package click to claim prize
0,reminder submission deadline next friday noon
1,exclusive offer get off next purchase act
0,notes last project meet
1,account suspend click to reactivate
0,please confirm participation upcom workshop
1,win free tablet enter to win
0,project timeline updat please review
1,select special discount claim
0,dont forget to submit weekly report friday
1,urgent credit card block call to unblock
0,details upcom seminar
1,earn year work home experience requir
0,please review attach proposal provide feedback
1,preapprov credit card apply
0,lets schedule followup meet next week
1,final notice subscription about to expire renew
0,server maintenance to
1,claim free gift card limit time offer
0,order process shipp soon
1,youve free cruise click to claim prize
0,reminder deadline report tomorrow pm
1,exclusive deal get off next purchase act
0,notes last team meet
1,account lock click to unlock
0,please confirm availability upcom event
1,win free laptop enter to win
0,project scope updat please review
1,select special offer claim
0,dont forget to submit expense report monday
1,urgent bank account frozen call to resolve
0,details upcom train session
1,earn month work home experience need
0,please review attach document provide feedback
1,preapprov loan apply
0,lets catch over lunch sometime this week
1,final warn membership expir renew to avoid los access
0,system updates to
1,claim free voucher limit time offer
0,order confirm shipp tomorrow
1,youve free vacation package click to claim prize
0,reminder submission deadline next friday noon
1,exclusive offer get off next purchase act
0,notes last project meet
1,account suspend click to reactivate
0,please confirm participation upcom workshop
1,win free tablet enter to win
0,project timeline updat please review
1,select special discount claim
0,dont forget to submit weekly report friday
1,urgent credit card block call to unblock
0,details upcom seminar
1,earn year work home experience requir
0,please review attach proposal provide feedback
1,preapprov credit card apply
0,lets schedule followup meet next week
1,final notice subscription about to expire renew
0,server maintenance to
1,claim free gift card limit time offer
0,order process shipp soon
1,youve free cruise click to claim prize
0,reminder deadline report tomorrow pm
1,exclusive deal get off next purchase act
0,notes last team meet
1,account lock click to unlock
0,please confirm availability upcom event
1,win free laptop enter to win
1,paypal account restrict due to unusual activity verify identity
1,congratulations youve select amazon gift card claim reward
1,credit card temporarily suspend due to security issue click to verify details
1,notic suspicious activity instagram account secure account immediately
1,apple id lock due to multiple fail login attempts unlock confirm details
1,dear customer couldnt deliver package update address to receive
1,security alert new device logg into email account click to verify
1,electricity bill overdue failure to pay result service disconnection pay
1,unclaim tax refund government click to collect before expires
1,detect unauthoriz transactions account call customer support to prevent further charges
1,free vacation to maldives click to confirm book
1,dear user ne to update bank details immediately to continue us online bank services
1,urgent insurance policy expir soon renew to avoid coverage lapse
1,computer infect malware click to download free antivirus tool
1,final warn account permanently delet confirm identity today
1,weve detect new login attempt russia this wasnt secure account
1,hacker gain access to webcam pay bitcoin within hours to prevent exposure
1,phone number lottery claim prize provid details
1,dear user select exclusive investment opportunity double money week
1,hello im nigerian prince million to transfer help ill share fortune
1,banks online system updat must reenter details to continue bank
1,hey exclusive business deal lets discuss this opportunity privately
1,email storage full click to purchase extra space before los important emails
1,final reminder netflix subscription cancel unless update bill information
1,amazon prime membership expir today renew to keep benefits
1,found serious security flaws computer click to install protection software
1,dear valu customer chosen exclusive cash giveaway claim prize today
1,hi im us soldier secret mission ne help transferr money lets talk
1,weve detect that account password leak change immediately to protect data
1,google drive files delet due to storage issues upgrade to prevent data loss
0,project scope updat please review
1,select special offer claim
0,dont forget to submit expense report monday
1,urgent bank account frozen call to resolve
0,details upcom train session
1,earn month work home experience need
0,please review attach document provide feedback
1,preapprov loan apply
0,lets catch over lunch sometime this week
1,final warn membership expir renew to avoid los access
0,system updates to
1,claim free voucher limit time offer
0,order confirm shipp tomorrow
1,youve free vacation package click to claim prize
0,reminder submission deadline next friday noon
1,exclusive offer get off next purchase act
0,notes last project meet
1,account suspend click to reactivate
0,please confirm participation upcom workshop
1,win free tablet enter to win
0,project timeline updat please review
1,select special discount claim
0,dont forget to submit weekly report friday
1,urgent credit card block call to unblock
0,details upcom seminar
1,earn year work home experience requir
0,please review attach proposal provide feedback
1,preapprov credit card apply
0,lets schedule followup meet next week
1,final notice subscription about to expire renew
0,server maintenance to
1,claim free gift card limit time offer
0,order process shipp soon
1,youve free cruise click to claim prize
0,reminder deadline report tomorrow pm
1,exclusive deal get off next purchase act
0,notes last team meet
1,account lock click to unlock
0,please confirm availability upcom event
1,win free laptop enter to win
0,project scope updat please review
1,select special offer claim
0,dont forget to submit expense report monday
1,urgent bank account frozen call to resolve
0,details upcom train session
1,earn month work home experience need
0,please review attach document provide feedback
1,preapprov loan apply
0,lets catch over lunch sometime this week
1,final warn membership expir renew to avoid los access
0,system updates to
1,claim free voucher limit time offer
0,order confirm shipp tomorrow
1,youve free vacation package click to claim prize
0,reminder submission deadline next friday noon
1,exclusive offer get off next purchase act
0,notes last project meet
1,account suspend click to reactivate
0,please confirm participation upcom workshop
1,win free tablet enter to win
0,project timeline updat please review
1,select special discount claim
0,dont forget to submit weekly report friday
1,urgent credit card block call to unblock
0,details upcom seminar
1,earn year work home experience requir
0,please review attach proposal provide feedback
1,preapprov credit card apply
0,lets schedule followup meet next week
1,final notice subscription about to expire renew
0,server maintenance to
1,claim free gift card limit time offer
0,order process shipp soon
1,youve free cruise click to claim prize
0,reminder deadline report tomorrow pm
1,exclusive deal get off next purchase act
0,notes last team meet
1,account lock click to unlock
0,please confirm availability upcom event
1,win free laptop enter to win
0,project scope updat please review
1,select special offer claim
0,dont forget to submit expense report monday
1,urgent bank account frozen call to resolve
0,details upcom train session
1,earn month work home experience need
0,please review attach document provide feedback
1,preapprov loan apply
0,lets catch over lunch sometime this week
1,final warn membership expir renew to avoid los access
0,system updates to
1,claim free voucher limit time offer
0,order confirm shipp tomorrow
1,youve free vacation package click to claim prize
0,reminder submission deadline next friday noon
1,exclusive offer get off next purchase act
0,notes last project meet
1,account suspend click to reactivate
0,please confirm participation upcom workshop
1,win free tablet enter to win
0,project timeline updat please review
1,select special discount claim
0,dont forget to submit weekly report friday
1,urgent credit card block call to unblock
0,details upcom seminar
1,earn year work home experience requir
0,please review attach proposal provide feedback
1,preapprov credit card apply
0,lets schedule followup meet next week
1,final notice subscription about to expire renew
0,server maintenance to
1,claim free gift card limit time offer
0,order process shipp soon
1,youve free cruise click to claim prize
0,reminder deadline report tomorrow pm
1,exclusive deal get off next purchase act
0,notes last team meet
1,account lock click to unlock
0,please confirm availability upcom event
1,win free laptop enter to win
0,project scope updat please review
1,select special offer claim
0,dont forget to submit expense report monday
1,urgent bank account frozen call to resolve
0,details upcom train session
1,earn month work home experience need
0,please review attach document provide feedback
1,preapprov loan apply
0,lets catch over lunch sometime this week
1,final warn membership expir renew to avoid los access
0,system updates to
1,claim free voucher limit time offer
0,order confirm shipp tomorrow
1,youve free vacation package click to claim prize
0,reminder submission deadline next friday noon
1,exclusive offer get off next purchase act
0,notes last project meet
1,account suspend click to reactivate
0,please confirm participation upcom workshop
1,win free tablet enter to win
0,project timeline updat please review
1,select special discount claim
0,dont forget to submit weekly report friday
1,urgent credit card block call to unblock
0,details upcom seminar
1,earn year work home experience requir
0,please review attach proposal provide feedback
1,preapprov credit card apply
0,lets schedule followup meet next week
1,final notice subscription about to expire renew
0,server maintenance to
1,claim free gift card limit time offer
0,order process shipp soon
1,youve free cruise click to claim prize
0,reminder deadline report tomorrow pm
1,exclusive deal get off next purchase act
0,notes last team meet
1,account lock click to unlock
0,please confirm availability upcom event
1,win free laptop enter to win
0,project scope updat please review
1,select special offer claim
0,dont forget to submit expense report monday
1,urgent bank account frozen call to resolve
0,details upcom train session
1,earn month work home experience need
0,please review attach document provide feedback
1,preapprov loan apply
0,lets catch over lunch sometime this week
1,final warn membership expir renew to avoid los access
0,system updates to
1,claim free voucher limit time offer
0,order confirm shipp tomorrow
1,youve free vacation package click to claim prize
0,reminder submission deadline next friday noon
1,exclusive offer get off next purchase act
0,notes last project meet
1,account suspend click to reactivate
0,please confirm participation upcom workshop
1,win free tablet enter to win
0,project timeline updat please review
1,select special discount claim
0,dont forget to submit weekly report friday
1,urgent credit card block call to unblock
0,details upcom seminar
1,earn year work home experience requir
0,please review attach proposal provide feedback
1,preapprov credit card apply
0,lets schedule followup meet next week
1,final notice subscription about to expire renew
0,server maintenance to
1,claim free gift card limit time offer
0,order process shipp soon
1,youve free cruise click to claim prize
0,reminder deadline report tomorrow pm
1,exclusive deal get off next purchase act
0,notes last team meet
1,account lock click to unlock
0,please confirm availability upcom event
1,win free laptop enter to win
0,project scope updat please review
1,select special offer claim
0,dont forget to submit expense report monday
1,urgent bank account frozen call to resolve
0,details upcom train session
1,earn month work home experience need
0,please review attach document provide feedback
1,preapprov loan apply
0,lets catch over lunch sometime this week
1,final warn membership expir renew to avoid los access
0,system updates to
1,claim free voucher limit time offer
0,order confirm shipp tomorrow
1,youve free vacation package click to claim prize
0,reminder submission deadline next friday noon
1,exclusive offer get off next purchase act
0,notes last project meet
1,account suspend click to reactivate
0,please confirm participation upcom workshop
1,win free tablet enter to win
0,project timeline updat please review
1,select special discount claim
0,dont forget to submit weekly report friday
1,urgent credit card block call to unblock
0,details upcom seminar
1,earn year work home experience requir
0,please review attach proposal provide feedback
1,preapprov credit card apply
0,lets schedule followup meet next week
1,final notice subscription about to expire renew
0,server maintenance to
1,claim free gift card limit time offer
0,order process shipp soon
1,youve free cruise click to claim prize
0,reminder deadline report tomorrow pm
0,package deliver thank shopp us
1,congratulations youve select free trial click to start
0,reminder team meet pm conference room
1,youve brand new smartphone click to claim prize
0,report due end week please submit time
1,exclusive offer get off next purchase act
0,minutes last board meet
1,account suspend click to reactivate
0,please confirm attendance upcom workshop
1,win free vacation enter to win
0,project timeline updat please review
1,select special discount claim
0,dont forget to submit timesheet friday
1,urgent credit card block call to unblock
0,details upcom conference
1,earn week work home experience requir
0,please review attach proposal provide feedback
1,preapprov credit card apply
0,lets schedule followup meet next week
1,final notice subscription about to expire renew
0,server maintenance to
1,claim free gift card limit time offer
0,order process shipp soon
1,youve free cruise click to claim prize
0,reminder deadline report tomorrow pm
1,exclusive deal get off next purchase act
0,notes last team meet
1,account lock click to unlock
0,please confirm availability upcom event
1,win free laptop enter to win
0,project scope updat please review
1,select special offer claim
0,dont forget to submit expense report monday
1,urgent bank account frozen call to resolve
0,details upcom train session
1,earn month work home experience need
0,please review attach document provide feedback
1,preapprov loan apply
0,lets catch over lunch sometime this week
1,final warn membership expir renew to avoid los access
0,system updates to
1,claim free voucher limit time offer
0,order confirm shipp tomorrow
1,youve free vacation package click to claim prize
0,reminder submission deadline next friday noon
1,exclusive offer get off next purchase act
0,notes last project meet
1,account suspend click to reactivate
0,please confirm participation upcom workshop
1,win free tablet enter to win
0,project timeline updat please review
1,select special discount claim
0,dont forget to submit weekly report friday
1,urgent credit card block call to unblock
0,details upcom seminar
1,earn year work home experience requir
0,please review attach proposal provide feedback
1,preapprov credit card apply
0,lets schedule followup meet next week
1,final notice subscription about to expire renew
0,server maintenance to
1,claim free gift card limit time offer
0,order process shipp soon
1,youve free cruise click to claim prize
0,reminder deadline report tomorrow pm
1,exclusive deal get off next purchase act
0,notes last team meet
1,account lock click to unlock
0,please confirm availability upcom event
1,win free laptop enter to win
0,project scope updat please review
1,select special offer claim
0,dont forget to submit expense report monday
1,urgent bank account frozen call to resolve
0,details upcom train session
1,earn month work home experience need
0,please review attach document provide feedback
1,preapprov loan apply
0,lets catch over lunch sometime this week
1,final warn membership expir renew to avoid los access
0,system updates to
1,claim free voucher limit time offer
0,order confirm shipp tomorrow
1,youve free vacation package click to claim prize
0,reminder submission deadline next friday noon
1,exclusive offer get off next purchase act
0,notes last project meet
1,account suspend click to reactivate
0,please confirm participation upcom workshop
1,win free tablet enter to win
0,project timeline updat please review
1,select special discount claim
0,dont forget to submit weekly report friday
1,urgent credit card block call to unblock
0,details upcom seminar
1,earn year work home experience requir
0,please review attach proposal provide feedback
1,preapprov credit card apply
0,lets schedule followup meet next week
1,final notice subscription about to expire renew
0,server maintenance to
1,claim free gift card limit time offer
0,order process shipp soon
1,youve free cruise click to claim prize
0,reminder deadline report tomorrow pm
1,exclusive deal get off next purchase act
0,notes last team meet
1,account lock click to unlock
0,please confirm availability upcom event
1,win free laptop enter to win
0,project scope updat please review
1,select special offer claim
0,dont forget to submit expense report monday
1,urgent bank account frozen call to resolve
0,details upcom train session
1,earn month work home experience need
0,please review attach document provide feedback
1,preapprov loan apply
0,lets catch over lunch sometime this week
1,final warn membership expir renew to avoid los access
0,system updates to
1,claim free voucher limit time offer
0,order confirm shipp tomorrow
1,youve free vacation package click to claim prize
0,reminder submission deadline next friday noon
1,exclusive offer get off next purchase act
0,notes last project meet
1,account suspend click to reactivate
0,please confirm participation upcom workshop
1,win free tablet enter to win
0,project timeline updat please review
1,select special discount claim
0,dont forget to submit weekly report friday
1,urgent credit card block call to unblock
0,details upcom seminar
1,details upcom seminar
0,details upcom seminar
0,details upcom seminar
0,bank account suspend due to suspicious activity please verify identity
1,weve notic unauthoriz login attempt secure account immediately
1,dear customer receiv refund click to claim
1,account lock click to unlock
1,urgent bank account frozen call to resolve
0,receiv return request refund process soon
1,email account storage full click to upgrade emails delet
1,gmail account about to deactivat due to inactivity log to keep active
1,recent order cannot deliver please update shipp address
1,free iphone claim prize before expires
1,detect virus system call tollfree number support
1,microsoft detect unusual activity computer click to fix issue
1,netflix account lock due to bill issue update payment details
1,warn pc infect dangerous virus immediate action requir click to scan
1,dear user detect unusual activity windows system data risk call tollfree number
1,device compromis hackers steal personal information download security tool immediately
1,browser block due to security reasons contact technical support to unlock
1,google detect virus device remove personal files delet click immediate fix
1,email hack detect unauthoriz access to account verify details to secure email
1,hello dear saw profile felt instant connection believe meant to together lets chat whatsapp
1,hi love im soldier station overseas im look someone special to settle cant wait to meet send money flight
1,dearest wealthy businessman look trustworthy partner help transfer funds start beautiful life together
1,hey handsomebeautiful think deep connection lets move chat to private place
1,baby plann to visit lost wallet send money travel expenses ill pay back as soon as arrive
1,love amaz investment opportunity that make us rich lets start future togetherjust invest this crypto project
1,saw profile feel different others want to build real connection ne help first
1,someone tri to log into facebook account click to change password immediately
1,earn year work home experience requir
0,please review attach proposal provide feedback
1,preapprov credit card apply
0,lets schedule followup meet next week
1,final notice subscription about to expire renew
0,server maintenance to
1,claim free gift card limit time offer
0,order process shipp soon
1,youve free cruise click to claim prize
0,reminder deadline report tomorrow pm
1,exclusive deal get off next purchase act
0,notes last team meet
1,account lock click to unlock
0,please confirm availability upcom event
1,win free laptop enter to win
0,project scope updat please review
1,select special offer claim
0,dont forget to submit expense report monday
1,urgent bank account frozen call to resolve
0,details upcom train session
1,earn month work home experience need
0,please review attach document provide feedback
1,preapprov loan apply
0,lets catch over lunch sometime this week
1,final warn membership expir renew to avoid los access
0,system updates to
1,claim free voucher limit time offer
0,order confirm shipp tomorrow
1,youve free vacation package click to claim prize
0,reminder submission deadline next friday noon
1,exclusive offer get off next purchase act
0,notes last project meet
1,account suspend click to reactivate
0,please confirm participation upcom workshop
1,win free tablet enter to win
0,project timeline updat please review
1,select special discount claim
0,dont forget to submit weekly report friday
1,urgent credit card block call to unblock
0,details upcom seminar
1,earn year work home experience requir
0,please review attach proposal provide feedback
1,preapprov credit card apply
0,lets schedule followup meet next week
1,final notice subscription about to expire renew
0,server maintenance to
1,claim free gift card limit time offer
0,order process shipp soon
1,youve free cruise click to claim prize
0,reminder deadline report tomorrow pm
1,exclusive deal get off next purchase act
0,notes last team meet
1,account lock click to unlock
0,please confirm availability upcom event
1,win free laptop enter to win
0,project scope updat please review
1,select special offer claim
0,dont forget to submit expense report monday
1,urgent bank account frozen call to resolve
0,details upcom train session
1,earn month work home experience need
0,please review attach document provide feedback
1,preapprov loan apply
0,lets catch over lunch sometime this week
1,final warn membership expir renew to avoid los access
0,system updates to
1,claim free voucher limit time offer
0,order confirm shipp tomorrow
1,youve free vacation package click to claim prize
0,reminder submission deadline next friday noon
1,exclusive offer get off next purchase act
0,notes last project meet
1,account suspend click to reactivate
0,please confirm participation upcom workshop
1,win free tablet enter to win
0,project timeline updat please review
1,select special discount claim
0,dont forget to submit weekly report friday
1,urgent credit card block call to unblock
0,details upcom seminar
1,earn year work home experience requir
0,please review attach proposal provide feedback
1,preapprov credit card apply
0,lets schedule followup meet next week
1,final notice subscription about to expire renew
0,server maintenance to
1,claim free gift card limit time offer
0,order process shipp soon
1,youve free cruise click to claim prize
0,reminder deadline report tomorrow pm
1,exclusive deal get off next purchase act
0,notes last team meet
1,account lock click to unlock
0,please confirm availability upcom event
1,win free laptop enter to win
0,project scope updat please review
1,select special offer claim
0,dont forget to submit expense report monday
1,urgent bank account frozen call to resolve
0,details upcom train session
1,earn month work home experience need
0,please review attach document provide feedback
1,preapprov loan apply
0,lets catch over lunch sometime this week
1,final warn membership expir renew to avoid los access
0,system updates to
1,claim free voucher limit time offer
0,order confirm shipp tomorrow
1,youve free vacation package click to claim prize
0,reminder submission deadline next friday noon
1,exclusive offer get off next purchase act
0,notes last project meet
1,account suspend click to reactivate
0,please confirm participation upcom workshop
1,win free tablet enter to win
0,project timeline updat please review
1,select special discount claim
0,dont forget to submit weekly report friday
1,urgent credit card block call to unblock
0,details upcom seminar
1,earn year work home experience requir
0,please review attach proposal provide feedback
1,preapprov credit card apply
0,lets schedule followup meet next week
1,final notice subscription about to expire renew
0,server maintenance to
1,claim free gift card limit time offer
0,order process shipp soon
1,youve free cruise click to claim prize
0,reminder deadline report tomorrow pm
1,exclusive deal get off next purchase act
0,notes last team meet
1,account lock click to unlock
0,please confirm availability upcom event
1,win free laptop enter to win
0,project scope updat please review
1,select special offer claim
0,dont forget to submit expense report monday
1,urgent bank account frozen call to resolve
0,details upcom train session
1,earn month work home experience need
0,please review attach document provide feedback
1,preapprov loan apply
0,lets catch over lunch sometime this week
1,final warn membership expir renew to avoid los access
0,system updates to
1,claim free voucher limit time offer
0,order confirm shipp tomorrow
1,youve free vacation package click to claim prize
0,reminder submission deadline next friday noon
1,exclusive offer get off next purchase act
0,notes last project meet
1,account suspend click to reactivate
0,please confirm participation upcom workshop
1,win free tablet enter to win
0,project timeline updat please review
1,select special discount claim
0,dont forget to submit weekly report friday
1,urgent credit card block call to unblock
0,details upcom seminar
1,earn year work home experience requir
0,please review attach proposal provide feedback
1,preapprov credit card apply
0,lets schedule followup meet next week
1,final notice subscription about to expire renew
0,server maintenance to
1,claim free gift card limit time offer
0,order process shipp soon
1,youve free cruise click to claim prize
0,reminder deadline report tomorrow pm
1,exclusive deal get off next purchase act
0,notes last team meet
1,account lock click to unlock
0,please confirm availability upcom event
1,win free laptop enter to win
0,project scope updat please review
1,select special offer claim
0,dont forget to submit expense report monday
1,urgent bank account frozen call to resolve
0,details upcom train session
1,earn month work home experience need
0,please review attach document provide feedback
1,preapprov loan apply
0,lets catch over lunch sometime this week
1,final warn membership expir renew to avoid los access
0,system updates to
1,claim free voucher limit time offer
0,order confirm shipp tomorrow
1,youve free vacation package click to claim prize
0,reminder submission deadline next friday noon
1,exclusive offer get off next purchase act
0,notes last project meet
1,account suspend click to reactivate
0,please confirm participation upcom workshop
1,win free tablet enter to win
0,project timeline updat please review
1,select special discount claim
0,dont forget to submit weekly report friday
1,urgent credit card block call to unblock
0,details upcom seminar
1,earn year work home experience requir
0,please review attach proposal provide feedback
1,preapprov credit card apply
0,lets schedule followup meet next week
1,final notice subscription about to expire renew
0,server maintenance to
1,claim free gift card limit time offer
0,order process shipp soon
1,youve free cruise click to claim prize
0,reminder deadline report tomorrow pm
1,exclusive deal get off next purchase act
0,notes last team meet
1,account lock click to unlock
0,please confirm availability upcom event
1,win free laptop enter to win
0,project scope updat please review
1,select special offer claim
0,dont forget to submit expense report monday
1,urgent bank account frozen call to resolve
0,details upcom train session
1,earn month work home experience need
0,please review attach document provide feedback
1,preapprov loan apply
0,lets catch over lunch sometime this week
1,final warn membership expir renew to avoid los access
0,system updates to
1,claim free voucher limit time offer
0,order confirm shipp tomorrow
1,youve free vacation package click to claim prize
0,reminder submission deadline next friday noon
1,exclusive offer get off next purchase act
0,notes last project meet
1,account suspend click to reactivate
0,please confirm participation upcom workshop
1,win free tablet enter to win
0,project timeline updat please review
1,select special discount claim
0,dont forget to submit weekly report friday
1,urgent credit card block call to unblock
0,details upcom seminar
1,earn year work home experience requir
0,please review attach proposal provide feedback
1,preapprov credit card apply
0,lets schedule followup meet next week
1,final notice subscription about to expire renew
0,server maintenance to
1,claim free gift card limit time offer
0,order process shipp soon
1,youve free cruise click to claim prize
0,reminder deadline report tomorrow pm
1,exclusive deal get off next purchase act
0,notes last team meet
1,account lock click to unlock
0,please confirm availability upcom event
1,win free laptop enter to win
0,project scope updat please review
1,select special offer claim
0,dont forget to submit expense report monday
1,urgent bank account frozen call to resolve
0,details upcom train session
1,earn month work home experience need
0,please review attach document provide feedback
1,preapprov loan apply
0,lets catch over lunch sometime this week
1,final warn membership expir renew to avoid los access
0,system updates to
1,claim free voucher limit time offer
0,order confirm shipp tomorrow
1,youve free vacation package click to claim prize
0,reminder submission deadline next friday noon
1,exclusive offer get off next purchase act
0,notes last project meet
1,account suspend click to reactivate
0,please confirm participation upcom workshop
1,win free tablet enter to win
0,project timeline updat please review
1,select special discount claim
0,dont forget to submit weekly report friday
1,urgent credit card block call to unblock
0,details upcom seminar
1,earn year work home experience requir
0,please review attach proposal provide feedback
1,preapprov credit card apply
0,lets schedule followup meet next week
1,final notice subscription about to expire renew
0,server maintenance to
1,claim free gift card limit time offer
0,order process shipp soon
1,youve free cruise click to claim prize
0,reminder deadline report tomorrow pm
1,exclusive deal get off next purchase act
0,notes last team meet
1,account lock click to unlock
0,please confirm availability upcom event
1,win free laptop enter to win
0,project scope updat please review
1,select special offer claim
0,dont forget to submit expense report monday
1,urgent bank account frozen call to resolve
0,details upcom train session
1,earn month work home experience need
0,please review attach document provide feedback
1,preapprov loan apply
0,lets catch over lunch sometime this week
1,final warn membership expir renew to avoid los access
0,system updates to
1,claim free voucher limit time offer
0,order confirm shipp tomorrow
1,youve free vacation package click to claim prize
0,reminder submission deadline next friday noon
1,exclusive offer get off next purchase act
0,notes last project meet
1,account suspend click to reactivate
0,please confirm participation upcom workshop
1,win free tablet enter to win
0,project timeline updat please review
1,select special discount claim
0,dont forget to submit weekly report friday
1,urgent credit card block call to unblock
0,details upcom seminar
1,earn year work home experience requir
0,please review attach proposal provide feedback
1,preapprov credit card apply
0,lets schedule followup meet next week
1,final notice subscription about to expire renew
0,server maintenance to
1,claim free gift card limit time offer
0,order process shipp soon
1,youve free cruise click to claim prize
0,reminder deadline report tomorrow pm
1,exclusive deal get off next purchase act
0,notes last team meet
1,account lock click to unlock
0,please confirm availability upcom event
1,win free laptop enter to win
0,project scope updat please review
1,select special offer claim
0,dont forget to submit expense report monday
1,urgent bank account frozen call to resolve
0,details upcom train session
1,earn month work home experience need
0,please review attach document provide feedback
1,preapprov loan apply
0,lets catch over lunch sometime this week
1,final warn membership expir renew to avoid los access
0,system updates to
1,claim free voucher limit time offer
0,order confirm shipp tomorrow
1,youve free vacation package click to claim prize
0,reminder submission deadline next friday noon
1,exclusive offer get off next purchase act
0,notes last project meet
1,account suspend click to reactivate
0,please confirm participation upcom workshop
1,win free tablet enter to win
0,project timeline updat please review
1,select special discount claim
0,dont forget to submit weekly report friday
1,urgent credit card block call to unblock
0,details upcom seminar
1,earn year work home experience requir
0,please review attach proposal provide feedback
1,preapprov credit card apply
0,lets schedule followup meet next week
1,final notice subscription about to expire renew
0,server maintenance to
1,claim free gift card limit time offer
0,order process shipp soon
0,package deliver thank shopp us
1,congratulations youve select free trial click to start
0,reminder team meet pm conference room
1,youve brand new smartphone click to claim prize
0,report due end week please submit time
1,exclusive offer get off next purchase act
0,minutes last board meet
1,account suspend click to reactivate
0,please confirm attendance upcom workshop
1,win free vacation enter to win
0,project timeline updat please review
1,select special discount claim
0,dont forget to submit timesheet friday
1,urgent credit card block call to unblock
0,details upcom conference
1,earn week work home experience requir
0,please review attach proposal provide feedback
1,preapprov credit card apply
0,lets schedule followup meet next week
1,final notice subscription about to expire renew
0,server maintenance to
1,claim free gift card limit time offer
0,order process shipp soon
1,youve free cruise click to claim prize
0,reminder deadline report tomorrow pm
1,exclusive deal get off next purchase act
0,notes last team meet
1,account lock click to unlock
0,please confirm availability upcom event
1,win free laptop enter to win
0,project scope updat please review
1,select special offer claim
0,dont forget to submit expense report monday
1,urgent bank account frozen call to resolve
0,details upcom train session
1,earn month work home experience need
0,please review attach document provide feedback
1,preapprov loan apply
0,lets catch over lunch sometime this week
1,final warn membership expir renew to avoid los access
0,system updates to
1,claim free voucher limit time offer
0,order confirm shipp tomorrow
1,youve free vacation package click to claim prize
0,reminder submission deadline next friday noon
1,exclusive offer get off next purchase act
0,notes last project meet
1,account suspend click to reactivate
0,please confirm participation upcom workshop
1,win free tablet enter to win
0,project timeline updat please review
1,select special discount claim
0,dont forget to submit weekly report friday
1,urgent credit card block call to unblock
0,details upcom seminar
1,earn year work home experience requir
0,please review attach proposal provide feedback
1,preapprov credit card apply
0,lets schedule followup meet next week
1,final notice subscription about to expire renew
0,server maintenance to
1,claim free gift card limit time offer
0,order process shipp soon
1,youve free cruise click to claim prize
0,reminder deadline report tomorrow pm
1,exclusive deal get off next purchase act
0,notes last team meet
1,account lock click to unlock
0,please confirm availability upcom event
1,win free laptop enter to win
0,project scope updat please review
1,select special offer claim
0,dont forget to submit expense report monday
1,urgent bank account frozen call to resolve
0,details upcom train session
1,earn month work home experience need
0,please review attach document provide feedback
1,preapprov loan apply
0,lets catch over lunch sometime this week
1,final warn membership expir renew to avoid los access
0,system updates to
1,claim free voucher limit time offer
0,order confirm shipp tomorrow
1,youve free vacation package click to claim prize
0,reminder submission deadline next friday noon
1,exclusive offer get off next purchase act
0,notes last project meet
1,account suspend click to reactivate
0,please confirm participation upcom workshop
1,win free tablet enter to win
0,project timeline updat please review
1,select special discount claim
0,dont forget to submit weekly report friday
1,urgent credit card block call to unblock
0,details upcom seminar
1,earn year work home experience requir
0,please review attach proposal provide feedback
1,preapprov credit card apply
0,lets schedule followup meet next week
1,final notice subscription about to expire renew
0,server maintenance to
1,claim free gift card limit time offer
0,order process shipp soon
1,youve free cruise click to claim prize
0,reminder deadline report tomorrow pm
1,exclusive deal get off next purchase act
0,notes last team meet
1,account lock click to unlock
0,please confirm availability upcom event
1,win free laptop enter to win
0,project scope updat please review
1,select special offer claim
0,dont forget to submit expense report monday
1,urgent bank account frozen call to resolve
0,details upcom train session
1,earn month work home experience need
0,please review attach document provide feedback
1,preapprov loan apply
0,lets catch over lunch sometime this week
1,final warn membership expir renew to avoid los access
0,system updates to
1,claim free voucher limit time offer
0,order confirm shipp tomorrow
1,youve free vacation package click to claim prize
0,reminder submission deadline next friday noon
1,exclusive offer get off next purchase act
0,notes last project meet
1,account suspend click to reactivate
0,please confirm participation upcom workshop
1,win free tablet enter to win
0,project timeline updat please review
1,select special discount claim
0,dont forget to submit weekly report friday
1,urgent credit card block call to unblock
0,details upcom seminar
1,earn year work home experience requir
0,please review attach proposal provide feedback
1,preapprov credit card apply
0,lets schedule followup meet next week
1,final notice subscription about to expire renew
0,server maintenance to
1,claim free gift card limit time offer
0,order process shipp soon
1,youve free cruise click to claim prize
0,reminder deadline report tomorrow pm
1,exclusive deal get off next purchase act
0,notes last team meet
1,account lock click to unlock
0,please confirm availability upcom event
1,win free laptop enter to win
0,project scope updat please review
1,select special offer claim
0,dont forget to submit expense report monday
1,urgent bank account frozen call to resolve
0,details upcom train session
1,earn month work home experience need
0,please review attach document provide feedback
1,preapprov loan apply
0,lets catch over lunch sometime this week
1,final warn membership expir renew to avoid los access
0,system updates to
1,claim free voucher limit time offer
0,order confirm shipp tomorrow
1,youve free vacation package click to claim prize
0,reminder submission deadline next friday noon
1,exclusive offer get off next purchase act
0,notes last project meet
1,account suspend click to reactivate
0,please confirm participation upcom workshop
1,win free tablet enter to win
0,project timeline updat please review
1,select special discount claim
0,dont forget to submit weekly report friday
1,urgent credit card block call to unblock
0,details upcom seminar
1,earn year work home experience requir
0,please review attach proposal provide feedback
1,preapprov credit card apply
0,lets schedule followup meet next week
1,final notice subscription about to expire renew
0,server maintenance to
1,claim free gift card limit time offer
0,order process shipp soon
1,youve free cruise click to claim prize
0,reminder deadline report tomorrow pm
1,exclusive deal get off next purchase act
0,notes last team meet
1,account lock click to unlock
0,please confirm availability upcom event
1,win free laptop enter to win
0,project scope updat please review
1,select special offer claim
0,dont forget to submit expense report monday
1,urgent bank account frozen call to resolve
0,details upcom train session
1,earn month work home experience need
0,please review attach document provide feedback
1,preapprov loan apply
0,lets catch over lunch sometime this week
1,final warn membership expir renew to avoid los access
0,system updates to
1,claim free voucher limit time offer
0,order confirm shipp tomorrow
1,youve free vacation package click to claim prize
0,reminder submission deadline next friday noon
0,package deliver thank shopp us
1,congratulations youve select free trial click to start
0,reminder team meet pm conference room
1,youve brand new smartphone click to claim prize
0,report due end week please submit time
1,exclusive offer get off next purchase act
0,minutes last board meet
1,account suspend click to reactivate
0,please confirm attendance upcom workshop
1,win free vacation enter to win
0,project timeline updat please review
1,select special discount claim
0,dont forget to submit timesheet friday
1,urgent credit card block call to unblock
0,details upcom conference
1,earn week work home experience requir
0,please review attach proposal provide feedback
1,preapprov credit card apply
0,lets schedule followup meet next week
1,final notice subscription about to expire renew
0,server maintenance to
1,claim free gift card limit time offer
0,order process shipp soon
1,youve free cruise click to claim prize
0,reminder deadline report tomorrow pm
1,exclusive deal get off next purchase act
0,notes last team meet
1,account lock click to unlock
0,please confirm availability upcom event
1,win free laptop enter to win
0,project scope updat please review
1,select special offer claim
0,dont forget to submit expense report monday
1,urgent bank account frozen call to resolve
0,details upcom train session
1,earn month work home experience need
0,please review attach document provide feedback
1,preapprov loan apply
0,lets catch over lunch sometime this week
1,final warn membership expir renew to avoid los access
0,system updates to
1,claim free voucher limit time offer
0,order confirm shipp tomorrow
1,youve free vacation package click to claim prize
0,reminder submission deadline next friday noon
1,exclusive offer get off next purchase act
0,notes last project meet
1,account suspend click to reactivate
0,please confirm participation upcom workshop
1,win free tablet enter to win
0,project timeline updat please review
1,select special discount claim
0,dont forget to submit weekly report friday
1,urgent credit card block call to unblock
0,details upcom seminar
1,earn year work home experience requir
0,please review attach proposal provide feedback
1,preapprov credit card apply
0,lets schedule followup meet next week
1,final notice subscription about to expire renew
0,server maintenance to
1,claim free gift card limit time offer
0,order process shipp soon
1,youve free cruise click to claim prize
0,reminder deadline report tomorrow pm
1,exclusive deal get off next purchase act
0,notes last team meet
1,account lock click to unlock
0,please confirm availability upcom event
1,win free laptop enter to win
0,project scope updat please review
1,select special offer claim
0,dont forget to submit expense report monday
1,urgent bank account frozen call to resolve
0,details upcom train session
1,earn month work home experience need
0,please review attach document provide feedback
1,preapprov loan apply
0,lets catch over lunch sometime this week
1,final warn membership expir renew to avoid los access
0,system updates to
1,claim free voucher limit time offer
0,order confirm shipp tomorrow
1,youve free vacation package click to claim prize
0,reminder submission deadline next friday noon
1,exclusive offer get off next purchase act
0,notes last project meet
1,account suspend click to reactivate
0,please confirm participation upcom workshop
1,win free tablet enter to win
0,project timeline updat please review
1,select special discount claim
0,dont forget to submit weekly report friday
1,urgent credit card block call to unblock
0,details upcom seminar
1,earn year work home experience requir
0,please review attach proposal provide feedback
1,preapprov credit card apply
0,lets schedule followup meet next week
1,final notice subscription about to expire renew
0,server maintenance to
1,claim free gift card limit time offer
0,order process shipp soon
1,youve free cruise click to claim prize
0,reminder deadline report tomorrow pm
1,exclusive deal get off next purchase act
0,notes last team meet
1,account lock click to unlock
0,please confirm availability upcom event
1,win free laptop enter to win
0,project scope updat please review
1,select special offer claim
0,dont forget to submit expense report monday
1,urgent bank account frozen call to resolve
0,details upcom train session
1,
0,
0,
0,bank account suspend due to suspicious activity please verify identity
1,weve notic unauthoriz login attempt secure account immediately
1,dear customer receiv refund click to claim
1,account lock click to unlock
1,urgent bank account frozen call to resolve
0,receiv return request refund process soon
1,email account storage full click to upgrade emails delet
1,gmail account about to deactivat due to inactivity log to keep active
1,recent order cannot deliver please update shipp address
1,free iphone claim prize before expires
1,detect virus system call tollfree number support
1,microsoft detect unusual activity computer click to fix issue
1,netflix account lock due to bill issue update payment details
1,warn pc infect dangerous virus immediate action requir click to scan
1,dear user detect unusual activity windows system data risk call tollfree number
1,device compromis hackers steal personal information download security tool immediately
1,browser block due to security reasons contact technical support to unlock
1,congratulations youve cash prize click to claim winnings
1,youve select exclusive offer claim free gift card
1,act limit time offer brand new laptop dont miss
1,account suspend click to verify details to restore
1,weve found way to eliminate debt click details
0,hey ill arriv office see
0,send updat report before pm today
0,ive schedul meet pm tomorrow let know that works
0,found documents look ill share shortly
0,look forward to catch over weekend
1,google detect virus device remove personal files delet click immediate fix
1,email hack detect unauthoriz access to account verify details to secure email
1,hello dear saw profile felt instant connection believe meant to together lets chat whatsapp
1,hi love im soldier station overseas im look someone special to settle cant wait to meet send money flight
1,dearest wealthy businessman look trustworthy partner help transfer funds start beautiful life together
1,hey handsomebeautiful think deep connection lets move chat to private place
1,baby plann to visit lost wallet send money travel expenses ill pay back as soon as arrive
1,love amaz investment opportunity that make us rich lets start future togetherjust invest this crypto project
1,saw profile feel different others want to build real connection ne help first
1,someone tri to log into facebook account click to change password immediately
1,paypal account restrict due to unusual activity verify identity
1,congratulations youve select amazon gift card claim reward
1,credit card temporarily suspend due to security issue click to verify details
0,package shipp expect to arrive business days
1,notic suspicious activity instagram account secure account immediately
1,apple id lock due to multiple fail login attempts unlock confirm details
0,reminder dentist appointment schedul tomorrow
1,dear customer couldnt deliver package update address to receive
1,security alert new device logg into email account click to verify
0,thank order receipt attach to this email
1,electricity bill overdue failure to pay result service disconnection pay
1,unclaim tax refund government click to collect before expires
0,weekly newsletter check latest updates articles
1,detect unauthoriz transactions account call customer support to prevent further charges
1,free vacation to maldives click to confirm book
0,netflix subscription successfully renew enjoy favorite shows
1,dear user ne to update bank details immediately to continue us online bank services
1,urgent insurance policy expir soon renew to avoid coverage lapse
0,monthly internet bill process further action requir
1,computer infect malware click to download free antivirus tool
1,final warn account permanently delet confirm identity today
0,hey still lunch pm
1,weve detect new login attempt russia this wasnt secure account
1,hacker gain access to webcam pay bitcoin within hours to prevent exposure
0,thanks sign verify email to complete registration
1,phone number lottery claim prize provid details
1,dear user select exclusive investment opportunity double money week
0,meet reminder team sync pm today
1,hello im nigerian prince million to transfer help ill share fortune
1,banks online system updat must reenter details to continue bank
0,flight book confirm eticket attach
1,hey exclusive business deal lets discuss this opportunity privately
1,email storage full click to purchase extra space before los important emails
0,welcome to loyalty program earn rewards every time shop us
1,final reminder netflix subscription cancel unless update bill information
1,amazon prime membership expir today renew to keep benefits
0,hotel book confirm checkin details includ this email
1,found serious security flaws computer click to install protection software
1,dear valu customer chosen exclusive cash giveaway claim prize today
0,payment receiv successfully thank purchase
1,hi im us soldier secret mission ne help transferr money lets talk
1,weve detect that account password leak change immediately to protect data
0,job application receiv get back to soon
1,google drive files delet due to storage issues upgrade to prevent data loss
1,account hack click to reset password secure information
